8b58734f1ff3f843edf6a01991a7f978,1
824f83bc2886e139dc3f25438bf5d701,2
30b165e2a205a205af900b41a3299d2b,1
8e8d92a65f3f63d34e78c6e40030c596,1
c85ff561dbf9fbf7c1584e61ae16a11a,1
33d2f21763bee5c39df84f6650f4c8a1,2
6295480c013767347a01b89b01cc9c04,1
ffb8a4500665f4cabda843c7463ce570,3
cb9d542cb3e1e04b664f78aff3a8e579,1
cafca3308d6a94a6969039589c8434dc,2
79a1d843f0d516705c5896edcc7569bd,2
ddb61596ab8db57ab298ae314c787154,1
363f5aa903cc63b8e30a67e16e3abe44,1
f6483b09891c342790e91f273ba47bb5,2
5b22de9a08d98c9c4e4dffee8c509a27,1
